<?xml version="1.0" encoding="utf-8"?>
<ReservationList xmlns:xsi="http://www.w3.org/2001/XMLSchema-instance" xmlns:xsd="http://www.w3.org/2001/XMLSchema">
  <ListOfBookedRooms>
    <Reservation>
      <ReservationID>b7d4d919-b0e2-4f85-9ffe-d406dce10698</ReservationID>
      <NumberOfAdult>5</NumberOfAdult>
      <NumberOfChild>5</NumberOfChild>
      <CheckIn>4/21/2018</CheckIn>
      <CheckOut>4/26/2018</CheckOut>
      <Guest>
        <FirstName>PPPPPPPPP</FirstName>
        <LastName>EEEEEEEEEEE</LastName>
        <Address>PONGPNOGPONG</Address>
        <PhoneNumber>01010100101100</PhoneNumber>
      </Guest>
      <RoomType xsi:type="GuestRoom">
        <RoomTypeName>Guest</RoomTypeName>
        <Rooms>
          <Room>
            <RoomNumber>104</RoomNumber>
            <IsCheckedOut>false</IsCheckedOut>
          </Room>
        </Rooms>
        <Price>35.0</Price>
      </RoomType>
      <TotalPrice>210.0</TotalPrice>
      <Service>Laundry,ExtraService for Double Room</Service>
      <NumberOfDay>6</NumberOfDay>
    </Reservation>
    <Reservation>
      <ReservationID>a95e0853-f3e2-4e98-a9b3-497c096ff50d</ReservationID>
      <NumberOfAdult>1</NumberOfAdult>
      <NumberOfChild>1</NumberOfChild>
      <CheckIn>4/22/2018</CheckIn>
      <CheckOut>4/28/2018</CheckOut>
      <Guest>
        <FirstName>TRI</FirstName>
        <LastName>PHAM</LastName>
        <Address>296 WILSON</Address>
        <PhoneNumber>09090909909</PhoneNumber>
      </Guest>
      <RoomType xsi:type="DoubleRoom">
        <RoomTypeName>Double</RoomTypeName>
        <Rooms>
          <Room>
            <RoomNumber>302</RoomNumber>
            <IsCheckedOut>true</IsCheckedOut>
          </Room>
        </Rooms>
        <Price>60.0</Price>
      </RoomType>
      <TotalPrice>420.0</TotalPrice>
      <Service>Laundry,ExtraService for Double Room</Service>
      <NumberOfDay>7</NumberOfDay>
    </Reservation>
    <Reservation>
      <ReservationID>90b014c5-6cf9-48c2-83b5-af7b6960cdf3</ReservationID>
      <NumberOfAdult>1</NumberOfAdult>
      <NumberOfChild>1</NumberOfChild>
      <CheckIn>4/19/2018</CheckIn>
      <CheckOut>4/19/2018</CheckOut>
      <Guest>
        <FirstName>asdfasdfasf</FirstName>
        <LastName>asdfasdfasdf</LastName>
        <Address>asdfasdf</Address>
        <PhoneNumber>564564564564</PhoneNumber>
      </Guest>
      <RoomType xsi:type="DoubleRoom">
        <RoomTypeName>Double</RoomTypeName>
        <Rooms>
          <Room>
            <RoomNumber>302</RoomNumber>
            <IsCheckedOut>false</IsCheckedOut>
          </Room>
        </Rooms>
        <Price>60.0</Price>
      </RoomType>
      <TotalPrice>60.0</TotalPrice>
      <Service>Laundry,ExtraService for Double Room</Service>
      <NumberOfDay>1</NumberOfDay>
    </Reservation>
    <Reservation>
      <ReservationID>77736246-4685-454d-ad62-25675d23c091</ReservationID>
      <NumberOfAdult>5</NumberOfAdult>
      <NumberOfChild>6</NumberOfChild>
      <CheckIn>4/19/2018</CheckIn>
      <CheckOut>4/20/2018</CheckOut>
      <Guest>
        <FirstName>dddddddddd</FirstName>
        <LastName>eeeeeeeeeeee</LastName>
        <Address>ffffffffffffff</Address>
        <PhoneNumber>484984948846</PhoneNumber>
      </Guest>
      <RoomType xsi:type="SuiteRoom">
        <RoomTypeName>Suite</RoomTypeName>
        <Rooms>
          <Room>
            <RoomNumber>403</RoomNumber>
            <IsCheckedOut>false</IsCheckedOut>
          </Room>
        </Rooms>
        <Price>70.0</Price>
      </RoomType>
      <TotalPrice>140.0</TotalPrice>
      <Service>Laundry,ExtraService for Suite Room</Service>
      <NumberOfDay>2</NumberOfDay>
    </Reservation>
    <Reservation>
      <ReservationID>9016b52d-5e3b-495f-a257-6c22befe1d18</ReservationID>
      <NumberOfAdult>2</NumberOfAdult>
      <NumberOfChild>3</NumberOfChild>
      <CheckIn>4/19/2018</CheckIn>
      <CheckOut>4/19/2018</CheckOut>
      <Guest>
        <FirstName>ASFASDF</FirstName>
        <LastName>ASDFASDF</LastName>
        <Address>ASDFASDF</Address>
        <PhoneNumber>5464564564</PhoneNumber>
      </Guest>
      <RoomType xsi:type="SuiteRoom">
        <RoomTypeName>Suite</RoomTypeName>
        <Rooms>
          <Room>
            <RoomNumber>403</RoomNumber>
            <IsCheckedOut>false</IsCheckedOut>
          </Room>
        </Rooms>
        <Price>70.0</Price>
      </RoomType>
      <TotalPrice>70.0</TotalPrice>
      <Service>Laundry,ExtraService for Suite Room</Service>
      <NumberOfDay>1</NumberOfDay>
    </Reservation>
  </ListOfBookedRooms>
</ReservationList>